<?xml version="1.0"?>
<?xml-stylesheet type="text/xsl" href="configuration.xsl"?>
<configuration supports_final="true">


    <!-- cluster -->
    <property>
        <name>cluster.name</name>
        <value>my_es</value>
        <display-name>Cluster Name</display-name>
        <description>es集群名称</description>
    </property>

    <!-- Node-->

    <!-- paths-->
    <property>
        <name>path.data</name>
        <value>/data/es/data</value>
        <display-name>Path Data</display-name>
    </property>
    <property>
        <name>path.logs</name>
        <value>/var/log/elasticsearch</value>
        <display-name>Path Logs</display-name>
    </property>

<!-- Memory -->
<property>
        <name>bootstrap.memory.lock</name>
        <value>true</value>
        <value-attributes>
            <type>boolean</type>
            <overridable>false</overridable>
        </value-attributes>
        <display-name>Bootstrap Memory Lock</display-name>
        <description>Lock the memory on startup.</description>
    </property>
    
    <!-- Network -->
    <property>
            <name>network.host</name>
            <value></value>
            <display-name>NetWork Host</display-name>
    </property>
    <property>
            <name>http.port</name>
            <value>9200</value>
            <display-name>NetWork Port</display-name>
    </property>

    <!-- Discovery 配置集群使用-->
    <property>
        <name>discovery.seed_hosts</name>
        <value></value>
        <display-name>Discovery Seed Hosts</display-name>
        <description>example：discovery.seed_hosts: ["vm50:9300","vm51:9300","vm52:9300"]</description>
    </property>
    <property>
            <name>cluster.initial_master_nodes</name>
            <value></value>
            <display-name>Cluster Initial Master Nodes</display-name>
            <description>example：cluster.initial_master_nodes: ["vm50-es", "vm51-es","vm52-es"]，中间的值为各个节点名称</description>
    </property>

    <!-- 其他 -->
    <property>
        <name>http.cors.enabled</name>
        <value>true</value>
        <display-name>Http Cores Enabled</display-name>
    </property>
    <property>
            <name>http.cors.allow-origin</name>
            <value>"*"</value>
            <display-name>Http Cores Allow-Origin</display-name>
        </property>

</configuration>