<?xml version="1.0"?>
<?xml-stylesheet type="text/xsl" href="configuration.xsl"?>
<configuration supports_adding_forbidden="true">

    <property>
        <name>elasticsearch.download.url</name>
        <value></value>
        <display-name>Elasticsearch Download Url</display-name>
        <description>下载tar.gz格式的地址。可以网络地址，可以Apache http服务地址</description>
    </property>

    <property>
            <name>elasticsearch.user</name>
            <value>elasticsearch</value>
            <display-name>Elasticsearch User</display-name>
            <property-type>USER</property-type>
            <description>Elasticsearch unix user.</description>
    </property>

    <property>
            <name>elasticsearch.group</name>
            <value>elasticsearch</value>
            <display-name>Elasticsearch Group</display-name>
            <property-type>GROUP</property-type>
            <description>Elasticsearch unix group.</description>
    </property>

    <property>
            <name>elasticsearch.base.dir</name>
            <value>/opt/elasticsearch</value>
            <display-name>Elasticsearch Base Directory</display-name>
            <description>es组件在服务器的安装地址</description>
    </property>

    <property>
            <name>elasticsearch.pid.dir</name>
            <value>/var/run/elasticsearch</value>
            <display-name>Elasticsearch Pid Directory</display-name>
            <description>es-pid文件地址</description>
    </property>

    <property>
        <name>elasticsearch.heap.size</name>
        <value>2</value>
        <value-attributes>
            <type>int</type>
            <minimum>1</minimum>
            <maximum>30</maximum>
            <unit>GB</unit>
            <increment-step>1</increment-step>
            <overridable>false</overridable>
        </value-attributes>
        <display-name>Elasticsearch Heap Size</display-name>
        <description>The initial and maximum size of total heap space of elasticsearch.</description>
    </property>

<property>
<name>jvm.opts</name>
<value>
################################################################
## Expert settings
################################################################
##
## All settings below this section are considered
## expert settings. Don't tamper with them unless
## you understand what you are doing
##
################################################################

## GC configuration
-XX:+UseConcMarkSweepGC
-XX:CMSInitiatingOccupancyFraction=75
-XX:+UseCMSInitiatingOccupancyOnly

## optimizations

# pre-touch memory pages used by the JVM during initialization
-XX:+AlwaysPreTouch

## basic

# explicitly set the stack size
-Xss1m

# set to headless, just in case
-Djava.awt.headless=true

# ensure UTF-8 encoding by default (e.g. filenames)
-Dfile.encoding=UTF-8

# use our provided JNA always versus the system one
-Djna.nosys=true

# turn off a JDK optimization that throws away stack traces for common
# exceptions because stack traces are important for debugging
-XX:-OmitStackTraceInFastThrow

# flags to configure Netty
-Dio.netty.noUnsafe=true
-Dio.netty.noKeySetOptimization=true
-Dio.netty.recycler.maxCapacityPerThread=0

# log4j 2
-Dlog4j.shutdownHookEnabled=false
-Dlog4j2.disable.jmx=true

-Djava.io.tmpdir=${ES_TMPDIR}

## heap dumps

# generate a heap dump when an allocation from the Java heap fails
# heap dumps are created in the working directory of the JVM
-XX:+HeapDumpOnOutOfMemoryError

# specify an alternative path for heap dumps; ensure the directory exists and
# has sufficient space
-XX:HeapDumpPath=data

# specify an alternative path for JVM fatal error logs
-XX:ErrorFile=logs/hs_err_pid%p.log

## JDK 8 GC logging

8:-XX:+PrintGCDetails
8:-XX:+PrintGCDateStamps
8:-XX:+PrintTenuringDistribution
8:-XX:+PrintGCApplicationStoppedTime
8:-Xloggc:logs/gc.log
8:-XX:+UseGCLogFileRotation
8:-XX:NumberOfGCLogFiles=32
8:-XX:GCLogFileSize=64m

# JDK 9+ GC logging
9-:-Xlog:gc*,gc+age=trace,safepoint:file=logs/gc.log:utctime,pid,tags:filecount=32,filesize=64m
# due to internationalization enhancements in JDK 9 Elasticsearch need to set the provider to COMPAT otherwise
# time/date parsing will break in an incompatible way for some date patterns and locals
9-:-Djava.locale.providers=COMPAT

# temporary workaround for C2 bug with JDK 10 on hardware with AVX-512
10-:-XX:UseAVX=2
</value>
<display-name>Elasticsearch Jvm Opts</display-name>
<description>Elasticsearch jvm advanced settings.</description>
</property>
                
</configuration>