{
  "KIBANA": {
    "service": [],
    "KIBANA_SERVER": [
      {
        "name": "kibana_port",
        "label": "Kibana Port",
        "description": "This host-level alert is triggered if the 5601 port is unreachable.",
        "interval": 1,
        "scope": "HOST",
        "source": {
          "type": "PORT",
          "uri": "{{kibana-config/server.port}}",
          "default_port": 5601,
          "reporting": {
            "ok": {
              "text": "TCP OK - {0:.3f}s response on port {1}"
            },
            "warning": {
              "text": "TCP OK - {0:.3f}s response on port {1}",
              "value": 1.5
            },
            "critical": {
              "text": "Connection failed: {0} to {1}:{2}",
              "value": 5
            }
          }
        }
      }
    ]
  }
}