{
  "ELASTICSEARCH": {
    "service": [],
    "ELASTICSEARCH_MASTER": [
      {
        "name": "elasticsearch_port",
        "label": "Elasticsearch Port",
        "description": "This host-level alert is triggered if the 9200 port is unreachable.",
        "interval": 1,
        "scope": "HOST",
        "source": {
          "type": "PORT",
          "uri": "{{elasticsearch-config/http.port}}",
          "default_port": 9200,
          "reporting": {
            "ok": {
              "text": "TCP OK - {0:.3f}s response on port {1}"
            },
            "warning": {
              "text": "TCP OK - {0:.3f}s response on port {1}",
              "value": 1.5
            },
            "critical": {
              "text": "Connection failed: {0} to {1}:{2}",
              "value": 5
            }
          }
        }
      }
    ]
  }
}