<?xml version="1.0"?>
<metainfo>
    <schemaVersion>2.0</schemaVersion>
    <services>
        <service>
            <name>ELASTICSEARCH</name>
            <displayName>ElasticSearch</displayName>
            <comment>For Search</comment>
            <version>7.2.0</version>
            <components>
                <component>
                    <name>ELASTICSEARCH_MASTER</name>
                    <displayName>Elasticsearch Master</displayName>
                    <category>MASTER</category>
                    <cardinality>1+</cardinality>
                    <versionAdvertised>true</versionAdvertised>
                    <commandScript>
                        <script>scripts/es_master.py</script>
                        <scriptType>PYTHON</scriptType>
                        <timeout>1200</timeout>
                    </commandScript>
                    <logs>
                        <log>
                            <logId>elasticsearch_master</logId>
                            <primary>true</primary>
                        </log>
                    </logs>
                </component>
                <component>
                    <name>ELASTICSEARCH_SLAVE</name>
                    <displayName>Elasticsearch Slave</displayName>
                    <category>SLAVE</category>
                    <cardinality>0+</cardinality>
                    <versionAdvertised>true</versionAdvertised>
                    <commandScript>
                            <script>scripts/es_slave.py</script>
                            <scriptType>PYTHON</scriptType>
                            <timeout>1200</timeout>
                        </commandScript>
                        <logs>
                                <log>
                                    <logId>elasticsearch_slave</logId>
                                    <primary>true</primary>
                                </log>
                        </logs>
                </component>
            </components>
            <osSpecifics>
                <osSpecific>
                    <osFamily>any</osFamily>
                    <packages>
                        <package>
                             <name>elasticsearch-7.2.0</name>
                        </package>
                    </packages>
                </osSpecific>
            </osSpecifics>
            <commandScript>
                <script>scripts/service_check.py</script>
                <scriptType>PYTHON</scriptType>
                <timeout>300</timeout>
            </commandScript>

            <configuration-dependencies>
                    <config-type>elasticsearch-config</config-type>
                    <config-type>elasticsearch-env</config-type>
                    <config-type>elasticsearch-log4j</config-type>
            </configuration-dependencies>

            <restartRequiredAfterChange>true</restartRequiredAfterChange>

            <quickLinksConfigurations>
                <quickLinksConfiguration>
                    <fileName>quicklinks.json</fileName>
                    <default>true</default>
                </quickLinksConfiguration>
            </quickLinksConfigurations>
           
        </service>
    </services>
</metainfo>