<?xml version="1.0"?>
<?xml-stylesheet type="text/xsl" href="configuration.xsl"?>
<!--
/**
 * Licensed to the Apache Software Foundation (ASF) under one
 * or more contributor license agreements.  See the NOTICE file
 * distributed with this work for additional information
 * regarding copyright ownership.  The ASF licenses this file
 * to you under the Apache License, Version 2.0 (the
 * "License"); you may not use this file except in compliance
 * with the License.  You may obtain a copy of the License at
 *
 *     http://www.apache.org/licenses/LICENSE-2.0
 *
 * Unless required by applicable law or agreed to in writing, software
 * distributed under the License is distributed on an "AS IS" BASIS,
 * WITHOUT WARRANTIES OR CONDITIONS OF ANY KIND, either express or implied.
 * See the License for the specific language governing permissions and
 * limitations under the License.
 */
-->
<configuration supports_final="false" supports_adding_forbidden="true">
  <property>
    <name>content</name>
    <display-name>flume-conf template</display-name>
    <description>Flume agent configurations.
    Specifying the configuration here applies to all hosts in this configuration-group. Please use host specific configuration-groups to provide different configurations on different hosts.
    For configuring multiple agents on the same host, provide the combined agent configurations here. Each agent should have a different name.</description>
    <value>
# Flume agent config
    </value>
    <value-attributes>
      <type>content</type>
      <empty-value-valid>true</empty-value-valid>
      <show-property-name>false</show-property-name>
    </value-attributes>
    <on-ambari-upgrade add="true"/>
  </property>
</configuration>
