<?xml version="1.0"?>
<?xml-stylesheet type="text/xsl" href="configuration.xsl"?>
<configuration supports_adding_forbidden="true">

    <property>
        <name>flume.download.url</name>
        <value></value>
        <display-name>Flume Download Url</display-name>
        <description>Kibana package download url.</description>
    </property>

    <property>
        <name>fluem.user</name>
        <value>flume1</value>
        <property-type>USER</property-type>
        <display-name>Flume User</display-name>
        <description>flume unix user</description>
    </property>

    <property>
            <name>flume.group</name>
            <value>hadoop</value>
            <property-type>GROUP</property-type>
            <display-name>Flume Group</display-name>
            <description>flume unix group</description>
    </property>

    <property>
            <name>flume.base.dir</name>
            <value>/opt/flume1.7</value>
            <display-name>Flume Base Directory</display-name>
            <description>flume base directory</description>
    </property>

    <property>
            <name>pid.file.dir</name>
            <value>/var/run/flume1.7</value>
            <display-name>Flume Pid File Directory</display-name>
            <description>Specifies the path where flume creates the process ID file.</description>
    </property>

    <property>
        <name>flume.log.dir</name>
        <value>/var/log/flume1.7/logs</value>
        <display-name>Flume_Log_Dir</display-name>
        <description>flume采集日志</description>
    </property>

    <property>
        <name>agent.name</name>
        <value>a1</value>
        <display-name>Agent Name</display-name>
        <description>agent名称</description>
    </property>

    <property>
        <name>flume.ng.user</name>
        <value>root</value>
        <display-name>Flume-ng User</display-name>
        <description>flume启动指定用户</description>
    </property>

</configuration>