<?xml version="1.0"?>
<metainfo>
    <schemaVersion>2.0</schemaVersion>
    <services>
        <service>
            <name>FLUME_1.7</name>
            <displayName>FLUME_1.7</displayName>
            <comment>FLUME_1.7</comment>
            <version>1.7.0</version>
            <components>
                <component>
                    <name>FLUME_1.7_SERVER</name>
                    <displayName>Flume_1.7 Server</displayName>
                    <category>MASTER</category>
                    <cardinality>1</cardinality>
                    <versionAdvertised>true</versionAdvertised>
                    <commandScript>
                        <script>scripts/flume_1.7_server.py</script>
                        <scriptType>PYTHON</scriptType>
                        <timeout>1500</timeout>
                    </commandScript>
                    <logs>
                        <log>
                            <logId>flume_1.7_server</logId>
                            <primary>true</primary>
                        </log>
                    </logs>
                </component>
            </components>
            <osSpecifics>
                <osSpecific>
                    <osFamily>any</osFamily>
                    <packages>
                        <package>
                             <name>flume_1.7</name>
                        </package>
                    </packages>
                </osSpecific>
            </osSpecifics>
            <commandScript>
                <script>scripts/service_check.py</script>
                <scriptType>PYTHON</scriptType>
                <timeout>300</timeout>
            </commandScript>

            <configuration-dependencies>
                    <config-type>flume1.7-conf</config-type>
                    <config-type>flume1.7-env</config-type>
                    <config-type>flume-log4j-properties</config-type>
            </configuration-dependencies>

            <restartRequiredAfterChange>true</restartRequiredAfterChange>

            <quickLinksConfigurations>
                <quickLinksConfiguration>
                    <fileName>quicklinks.json</fileName>
                    <default>true</default>
                </quickLinksConfiguration>
            </quickLinksConfigurations>
        </service>
    </services>
</metainfo>