<?xml version="1.0"?>
<?xml-stylesheet type="text/xsl" href="configuration.xsl"?>
<configuration supports_adding_forbidden="true">

        <property>
            <name>kibana.download.url</name>
            <value></value>
            <display-name>Kibana Download Url</display-name>
            <description>Kibana package download url. The official download url is: https://artifacts.elastic.co/downloads/kibana/kibana-6.4.2-linux-x86_64.tar.gz</description>
        </property>
        <property>
                <name>kibana.user</name>
                <value>kibana</value>
                <property-type>USER</property-type>
                <display-name>Kibana User</display-name>
                <description>Kibana unix user</description>
            </property>
        
            <property>
                <name>kibana.group</name>
                <value>kibana</value>
                <property-type>GROUP</property-type>
                <display-name>Kibana Group</display-name>
                <description>Kibana unix group</description>
            </property>
        
            <property>
                <name>kibana.base.dir</name>
                <value>/opt/kibana</value>
                <display-name>Kibana Base Directory</display-name>
                <description>Kibana base directory</description>
            </property>
        
            <property>
                <name>pid.file.dir</name>
                <value>/var/run/kibana</value>
                <display-name>Kibana Pid File Directory</display-name>
                <description>Specifies the path where Kibana creates the process ID file.</description>
            </property>
</configuration>