<?xml version="1.0" ?>
<?xml-stylesheet type="text/xsl" href="configuration.xsl" ?>
<configuration supports_final="true">

    <!-- BASIC -->
    <property>
        <name>server.host</name>
        <value></value>
        <display-name>Server Host</display-name>
        <description>Specifies the address to which the Kibana server will bind. IP addresses and host names are both valid values.</description>
    </property>

    <property>
        <name>server.port</name>
        <value>5601</value>
        <display-name>Server Port</display-name>
        <description>Kibana is served by a back end server. This setting specifies the port to use.</description>
    </property>
    <property>
        <name>server.name</name>
        <value>kibana-server</value>
        <display-name>Server Name</display-name>
        <description>The Kibana server's name. This is used for display purposes.</description>
    </property>
    <property>
        <name>elasticsearch.hosts</name>
        <value></value>
        <display-name>Elasticsearch Url</display-name>
        <description>The URL of the Elasticsearch instance to use for all your queries. e.g.http://host:9200</description>
    </property>
    <property>
        <name>kibana.index</name>
        <value>".kibana"</value>
        <display-name>Kibana Index Name</display-name>
        <description>Kibana uses an index in Elasticsearch to store saved searches, visualizations and dashboards. Kibana creates a new index if the index doesn't already exist.</description>
    </property>
    <property>
        <name>i18n.defaultLocale</name>
        <value>en</value>
        <display-name>I18N Default Locale</display-name>
        <description>The default locale. This locale can be used in certain circumstances to substitute any missing translations.中文：zh-CN</description>
    </property>

    <property>
        <name>logging.dest</name>
        <value>/var/log/kibana</value>
        <display-name>Kibana Log Path</display-name>
    </property>
</configuration>