{
  "name": "default",
  "description": "default quick links configuration",
  "configuration": {
    "protocol": {
      "type":"http",
      "checks":[
      ]
    },
    "links": [
      {
        "name": "flume_logs",
        "label": "FLUME LOGS",
        "requires_user_name": "false",
        "component_name": "FLUME_1.7_SERVER",
        "url":"%@://%@:%@",
        "port":{
          "http_property": "http_port",
          "http_default_port": "28778",
          "https_property": "http_port",
          "https_default_port": "28778",
          "regex": "\\w*:(\\d+)",
          "site": "flume1.7-conf"
        }
      }
    ]
  }
}